Date,Region,Season,Weather_Condition,Area,Area size (km^2),Transect,Personel/Observers,Recorder,Start time,GPS Start E,GPS Start N,GPS End E,GPS End N,End time,Time Frame,Transect length,Time,ALT,GPSE,GPSN,Species,sighting distance,Sighting angle,Transect bearing,Adjusted angles,Perpendicular distance,AbsoluteDistance,Group size,Adult male,Adult females,Juveniles,chicks,Habitat,Activity,Habitat type
16/6/2014,MEIBEI,June- Dry,Dry,NK,,NK/010a,SIMON,TEDDY,10:22AM,57815,3710745,58196,3712865,11:05AM,6am-9am,4,,,,,,,,,,,,,,,,,,,Partially protected
16/6/2014,MEIBEI,June- Dry,Dry,NK,,NK/011a,SIMON,TEDDY,11:24AM,59232,3709191,59382,3711341,11:49AM,9am-12pm,4,,,,,,,,,,,,,,,,,,,Partially protected
24/6/2014,MEIBEI,June- Dry,Dry,NK,,NK/012a,PETER,SIMON,1:11PM,100942,3709036,100805,3711189,1:51PM,12pm-3pm,4,,,,,,,,,,,,,,,,,,,Partially protected
25/6/2014,MEIBEI,June- Dry,Dry,NK,,NK/014a,SIMON,PETER,10:32AM,59941,3708671,59748,3706523,11:31AM,3pm-6pm,4,1:12PM,1300,59860,3706520,OS,120,260,267,7,78.84,78.84,3,1,2,,,3,H,Partially protected
24/6/2014,MEIBEI,June- Dry,Dry,NK,,NK/015a,PETER,SIMON,10:10AM,58415,3709939,58119,3707805,11:00AM,,4,,,,,,,,,,,,,,,,,,,Partially protected
25/6/2014,MEIBEI,June- Dry,Dry,NK,,NK/016a,PETER,SIMON,8:47AM,56963,3711409,56885,3709254,9:35AM,,4,,,,,,,,,,,,,,,,,,,Partially protected
19/6/2014,MEIBEI,June- Dry,Dry,NK,,NK/017a,PETER,SIMON,8:55AM,102799,3713561,100964,3714696,9:50AM,,4,,,,,,,,,,,,,,,,,,,Partially protected
19/6/2014,MEIBEI,June- Dry,Dry,NK,,NK/019a,SIMON,PETER,10:36AM,100725,3713172,58919,3714348,11:25AM,,4,,,,,,,,,,,,,,,,,,,Partially protected
17/6/2014,MEIBEI,June- Dry,Dry,NK,,NK/020a,SIMON,PETER,1:46PM,58812,3713381,57116,3714717,2:11PM,,4,,,,,,,,,,,,,,,,,,,Partially protected
16/6/2014,MEIBEI,June- Dry,Dry,NK,,NK/021a,SIMON,TEDDY,11:50AM,59898,3713120,59642,3710979,12:36PM,,4,,,,,,,,,,,,,,,,,,,Partially protected
19/6/2014,MEIBEI,June- Dry,Dry,NK,,NK/022a,PETER,SIMON,12:09PM,101881,3713182,101384,3711085,12:51PM,,4,,,,,,,,,,,,,,,,,,,Partially protected
5/6/2014,MEIBEI,June- Dry,Dry,BAR,,BAR/023a,PETER,SIMON,11:00AM,54092,3706365,51930,3706429,11:46AM,,4,,,,,,,,,,,,,,,,,,,Partially protected
6/6/2014,MEIBEI,June- Dry,Dry,BAR,,BAR/024a,PETER,SIMON,8:45AM,53332,3704216,51182,3704082,10:12AM,,4,,,,,,,,,,,,,,,,,,,Partially protected
6/6/2014,MEIBEI,June- Dry,Dry,BAR,,BAR/025a,SIMON,PETER,11:44AM,52269,3704297,52635,3702173,13:14PM,,4,,,,,,,,,,,,,,,,,,,Partially protected
8/7/2014,MEIBEI,June- Dry,Dry,BAR,,BAR/026a,SIMON,PETER,9:00AM,50403,3704908,50449,3707065,10:10AM,,4,,,,,,,,,,,,,,,,,,,Partially protected
5/7/2014,MEIBEI,June- Dry,Dry,BAR,,BAR/027a,SIMON,PETER,10:40AM,49449,3705973,49473,3708130,11:10AM,,4,,,,,,,,,,,,,,,,,,,Partially protected
5/8/2014,MEIBEI,June- Dry,Dry,BAR,,BAR/028a,PETER,SIMON,8:15AM,48555,3707683,48993,3709793,8:40AM,,4,8:30AM,1156,48905,3709005,OS,93,180,88,92,-72.49,72.49,9,3,6,,,3,H,Partially protected
5/9/2014,MEIBEI,June- Dry,Dry,BAR,,BAR/029a,SIMON,PETER,10:46AM,46936,3708665,47697,3710678,11:30AM,,4,10:52AM,1104,47428,3710063,OS,56,320,253,67,-47.91,47.91,1,1,,,,3,H,Partially protected
12/6/2014,MEIBEI,June- Dry,Dry,BAR,,BAR/030a,PETER,SIMON,9:38AM,47533,3708182,47965,3706071,10:12AM,,4,,,,,,,,,,,,,,,,,,,Partially protected
8/6/2014,MEIBEI,June- Dry,Dry,BAR,,BAR/034a,PETER,SIMON,8:42AM,51767,3704594,51480,3702454,9:35AM,,4,,,,,,,,,,,,,,,,,,,Partially protected
6/6/2014,MEIBEI,June- Dry,Dry,BAR,,BAR/035a,PETER,SIMON,10:16AM,53194,3703570,55238,3702886,11:00AM,,4,,,,,,,,,,,,,,,,,,,Partially protected
7/7/2014,MEIBEI,July-Dry,Dry,NK,,NK/010b,SIMON,TEDDY,10:12AM,57815,3710745,58196,3712865,10:55AM,,4,,,,,,,,,,,,,,,,,,,Partially protected
7/7/2014,MEIBEI,July-Dry,Dry,NK,,NK/011b,SIMON,TEDDY,11:09AM,59232,3709191,59382,3711341,11:39AM,,4,,,,,,,,,,,,,,,,,,,Partially protected
9/7/2014,MEIBEI,July-Dry,Dry,NK,,NK/012b,PETER,SIMON,1:11PM,100942,3709036,100805,3711189,1:51PM,,4,,,,,,,,,,,,,,,,,,,Partially protected
16/7/2014,MEIBEI,July-Dry,Dry,NK,,NK/014b,SIMON,PETER,10:22AM,59941,3708671,59748,3706523,11:21AM,,4,10:40AM,1260,100037,3708120,,163,320,267,53,64.54,64.54,2,,2,,,2,H,Partially protected
11/7/2014,MEIBEI,July-Dry,Dry,NK,,NK/015b,PETER,SIMON,10:11AM,58415,3709939,58119,3707805,11:03AM,,4,,,,,,,,,,,,,,,,,,,Partially protected
11/7/2014,MEIBEI,July-Dry,Dry,NK,,NK/016b,PETER,SIMON,8:56AM,56963,3711409,56885,3709254,9:35AM,,4,,,,,,,,,,,,,,,,,,,Partially protected
8/7/2014,MEIBEI,July-Dry,Dry,NK,,NK/017b,PETER,SIMON,8:55AM,102799,3713561,100964,3714696,9:50AM,,4,10:15AM,1293,102844,3713111,,50,76,138,62,-36.96,36.96,9,1,8,,,3,H,Partially protected
8/7/2014,MEIBEI,July-Dry,Dry,NK,,NK/017b,PETER,SIMON,8:55AM,102799,3713561,100964,3714696,9:50AM,,4,9:50AM,1306,102799,3713561,OST,120,187,138,49,-114.45,114.45,3,,3,,,3,,Partially protected
8/7/2014,MEIBEI,July-Dry,Dry,NK,,NK/019,SIMON,PETER,10:36AM,100725,3713172,58919,3714348,11:25AM,,4,,,,,,,,157,157,0,0,,,,,,,,Partially protected
7/7/2014,MEIBEI,July-Dry,Dry,NK,,NK/020,SIMON,PETER,12:46PM,58812,3713381,57116,3714717,1:11PM,,4,,,,,,,,141,141,0,0,,,,,,,,Partially protected
7/7/2014,MEIBEI,July-Dry,Dry,NK,,NK/021,SIMON,TEDDY,11:50AM,59898,3713120,59642,3710979,12:36PM,,4,,,,,,,,253,253,0,0,,,,,,,,Partially protected
9/7/2014,MEIBEI,July-Dry,Dry,NK,,NK/022,PETER,SIMON,12:09PM,101881,3713182,101384,3711085,12:51PM,,4,,,,,,,,268,268,0,0,,,,,,,,Partially protected
21/7/2014,MEIBEI,July-Dry,Dry,BAR,,BAR/023b,PETER,SIMON,11:28AM,54092,3706365,51930,3706429,12:23pm,,4,,,,,,,,,,,,,,,,,,,Partially protected
23/7/2014,MEIBEI,July-Dry,Dry,BAR,,BAR/024b,PETER,SIMON,9:16AM,53332,3704216,51182,3704082,10:01AM,,4,9:25AM,1245,53314,3704135,,73,140,214,74,-71.92,71.92,1,,1,,,2,,Partially protected
23/7/2014,MEIBEI,July-Dry,Dry,BAR,,BAR/025b,SIMON,PETER,10:17AM,52269,3704297,52635,3702173,11:11AM,,4,,,,,,,,,,,,,,,,,,,Partially protected
12/1/2015,MEIBEI,July-Dry,Dry,BAR,,BAR/026b,SIMON,PETER,9:33AM,50403,3704908,50449,3707065,10:03AM,,4,1:00PM,1183,50534,3706807,,70,180,111,69,-8.03,8.03,1,,1,,,3,H,Partially protected
21/7/2014,MEIBEI,July-Dry,Dry,BAR,,BAR/027b,SIMON,PETER,1:44PM,49449,3705973,49473,3708130,2:13PM,,4,,,,,,,,,,,,,,,,,,,Partially protected
22/7/2014,MEIBEI,July-Dry,Dry,BAR,,BAR/028b,PETER,SIMON,10:21AM,48555,3707683,48993,3709793,10:50AM,,4,10:12:00AM,1165,48805,3708452,,150,132,88,44,2.66,2.66,7,,7,,,3,H,Partially protected
22/7/2014,MEIBEI,July-Dry,Dry,BAR,,BAR/029b,SIMON,PETER,11:20AM,46936,3708665,47697,3710678,11:55AM,,4,,,,,,,,,,,,,,,,,,,Partially protected
29/7/2014,MEIBEI,July-Dry,Dry,BAR,,BAR/030b,PETER,SIMON,12:40PM,47533,3708182,47965,3706071,2:03PM,,4,,,,,,,,,,,,,,,,,,,Partially protected
29/7/2014,MEIBEI,July-Dry,Dry,BAR,,BAR/034b,PETER,SIMON,10:13AM,51767,3704594,51480,3702454,11:20AM,,4,,,,,,,,,,,,,,,,,,,Partially protected
23/7/2014,MEIBEI,July-Dry,Dry,BAR,,BAR/035b,PETER,SIMON,11:20AM,53194,3703570,55238,3702886,11:44AM,,4,,,,,,,,,,,,,,,,,,,Partially protected
2/9/2014,MEIBEI,Sept-Dry,Dry,NK,,NK/010c,SIMON,TEDDY,9:55AM,57815,3710745,58196,3712865,10:34AM,,4,10:26AM,1220,57202,3711288,Ostr,70,40,98,58,69.5,69.5,3,1,2,,,3,H,Partially protected
1/9/2014,MEIBEI,Sept-Dry,Dry,NK,,NK/O11c,SIMON,PETER,10:37AM,59232,3709191,59382,3711341,11:07AM,,4,10:43AM,1273,59230,3709191,Ostr,98,140,75,65,81.03,81.03,3,1,2,,,3,H,Partially protected
,MEIBEI,Sept-Dry,Dry,,,,,,,,,,,,,,,,,,,,,,,,,,,,,,,,Partially protected
4/7/2014,MEIBEI,Sept-Dry,Dry,NK,,NK/014c,SIMON,PETER,10:42AM,59941,3708671,59748,3706523,11:20AM,,4,10:55AM,1298,59747,3706523,Ostr,99,320,267,53,39.2,39.2,5,1,4,,,3,H,Partially protected
3/9/2014,MEIBEI,Sept-Dry,Dry,NK,,NK/015c,PETER,SIMON,11:44AM,58415,3709939,58119,3707805,12:30PM,,4,,,,,,,,,,,,,,,,,,,Partially protected
4/9/2014,MEIBEI,Sept-Dry,Dry,NK,,NK/016c,PETER,SIMON,9:10AM,56963,3711409,56885,3709254,9:35AM,,4,,,,,,,,,,,,,,,,,,,Partially protected
2/9/2014,MEIBEI,Sept-Dry,Dry,NK,,NK/017c,PETER,SIMON,9:54AM,102799,3713561,100964,3714696,10:31AM,,4,,,,,,,,,,,,,,,,,,,Partially protected
2/9/2014,MEIBEI,Sept-Dry,Dry,NK,,NK/019c,SIMON,PETER,8:30AM,100725,3713172,58919,3714348,9:02AM,,4,,,,,,,,,,,,,,,,,,,Partially protected
2/9/2014,MEIBEI,Sept-Dry,Dry,NK,,NK/020c,SIMON,PETER,11:39AM,58812,3713381,57116,3714717,11:58AM,,4,11:46 PM,1233,58722,3710530,Ostr,88,67,141,74,-86.69,86.69,3,2,1,,,3,,Partially protected
2/9/2014,MEIBEI,Sept-Dry,Dry,NK,,NK/020c,SIMON,PETER,10:46AM,58812,3713381,57116,3714717,11:18AM,,4,12:55PM,1235,57971,3710671,Ostr,111,80,141,61,-107.24,107.24,7,2,5,,,3,H,Partially protected
1/9/2014,MEIBEI,Sept-Dry,Dry,NK,,NK/021c,SIMON,TEDDY,12:48PM,59898,3713120,59642,3710979,1:13PM,,4,,,,,,,,,,,,,,,,,,,Partially protected
3/9/2014,MEIBEI,Sept-Dry,Dry,NK,,NK/022c,PETER,SIMON,9:15AM,101881,3713182,101384,3711085,9:57AM,,4,,,,,,,,,,,,,,,,,,,Partially protected
9/9/2014,MEIBEI,Sept-Dry,Dry,BAR,,BAR/023c,PETER,SIMON,11:23AM,54092,3706365,51930,3706429,11:40AM,,4,,,,,,,,,,,,,,,,,,,Partially protected
17/9/2014,MEIBEI,Sept-Dry,Dry,BAR,,BAR/024c,PETER,SIMON,9:16AM,53332,3704216,51182,3704082,10:01AM,,4,,,,,,,,,,,,,,,,,,,Partially protected
18/9/2014,MEIBEI,Sept-Dry,Dry,BAR,,BAR/025c,SIMON,PETER,10:17AM,52269,3704297,52635,3702173,11:11AM,,4,,,,,,,,,,,,,,,,,,,Partially protected
21/9/2014,MEIBEI,Sept-Dry,Dry,BAR,,BAR/026c,SIMON,PETER,9:33AM,50403,3704908,50449,3707065,10:03AM,,4,,,,,,,,,,,,,,,,,,,Partially protected
10/9/2014,MEIBEI,Sept-Dry,Dry,BAR,,BAR/027c,SIMON,PETER,1:44PM,49449,3705973,49473,3708130,2:13PM,,4,,,,,,,,,,,,,,,,,,,Partially protected
10/9/2014,MEIBEI,Sept-Dry,Dry,BAR,,BAR/028c,PETER,SIMON,10:21AM,48555,3707683,48993,3709793,10:50AM,,4,,,,,,,,,,,,,,,,,,,Partially protected
17/9/2014,MEIBEI,Sept-Dry,Dry,BAR,,BAR/029c,SIMON,PETER,11:20AM,46936,3708665,47697,3710678,11:55AM,,4,,,,,,,,,,,,,,,,,,,Partially protected
21/9/2014,MEIBEI,Sept-Dry,Dry,BAR,,BAR/030c,PETER,SIMON,12:40PM,47533,3708182,47965,3706071,2:03PM,,4,,,,,,,,,,,,,,,,,,,Partially protected
19/9/2014,MEIBEI,Sept-Dry,Dry,BAR,,BAR/034c,PETER,SIMON,10:13AM,51767,3704594,51480,3702454,11:20AM,,4,,,,,,,,,,,,,,,,,,,Partially protected
18/9/2014,MEIBEI,Sept-Dry,Dry,BAR,,BAR/035c,PETER,SIMON,11:20AM,53194,3703570,55238,3702886,11:44AM,,4,,,,,,,,,,,,,,,,,,,Partially protected
8/11/2014,MEIBEI,Nov-Wet,Wet,NK,,NK/010d,SIMON,TEDDY,10:32AM,57815,3710745,58196,3712865,11:15AM,,4,,,,,,,,,,,,,,,,,,,Partially protected
8/11/2014,MEIBEI,Nov-Wet,Wet,NK,,NK/011d,SIMON,TEDDY,11:29AM,59232,3709191,59382,3711341,11:59AM,,4,11:29AM,1255,59322,3710037,0st,104,0,75,75,-40.33,40.33,1,1,,,,3,H,Partially protected
8/11/2014,MEIBEI,Nov-Wet,Wet,NK,,NK/011d,SIMON,TEDDY,11:29AM,59232,3709191,59382,3711341,11:59AM,,4,11:38AM,1249,59319,3710407,ost,119,130,75,55,-118.97,118.97,2,1,1,,,3,H,Partially protected
11/11/2014,MEIBEI,Nov-Wet,Wet,NK,,NK/012d,PETER,SIMON,1:11PM,100942,3709036,100805,3711189,1:51PM,,4,,,,,,,,,,,,,,,,,,,Partially protected
11/11/2014,MEIBEI,Nov-Wet,Wet,NK,,NK/014d,SIMON,PETER,10:22AM,59941,3708671,59748,3706523,11:21AM,,4,,,,,,,,,,,,,,,,,,,Partially protected
11/11/2014,MEIBEI,Nov-Wet,Wet,NK,,NK/015d,PETER,SIMON,10:11AM,58415,3709939,58119,3707805,11:03AM,,4,,,,,,,,,,,,,,,,,,,Partially protected
9/11/2014,MEIBEI,Nov-Wet,Wet,NK,,NK/016d,PETER,SIMON,8:56AM,56963,3711409,56885,3709254,9:35AM,,4,,,,,,,,,,,,,,,,,,,Partially protected
12/10/2014,MEIBEI,Nov-Wet,Wet,NK,,NK/017d,PETER,SIMON,8:55AM,102799,3713561,100964,3714696,9:50AM,,4,9:46AM,1264,100144,3707545,Ost,74,208,138,70,57.27,57.27,8,,3,5,,3,H,Partially protected
12/10/2014,MEIBEI,Nov-Wet,Wet,NK,,NK/019d,SIMON,PETER,10:36AM,100725,3713172,58919,3714348,11:25AM,,4,,,,,,,,,,,,,,,,,,,Partially protected
12/11/2014,MEIBEI,Nov-Wet,Wet,NK,,NK/020d,SIMON,PETER,12:46PM,58812,3713381,57116,3714717,1:11PM,,4,,,,,,,,,,,,,,,,,,,Partially protected
12/12/2014,MEIBEI,Nov-Wet,Wet,NK,,NK/021d,SIMON,TEDDY,11:50AM,59898,3713120,59642,3710979,12:36PM,,4,,,,,,,,,,,,,,,,,,,Partially protected
010/11/2014,MEIBEI,Nov-Wet,Wet,NK,,NK/022d,PETER,SIMON,12:09PM,101881,3713182,101384,3711085,12:51PM,,4,12:46PM,1300,101274,3714587,ost,117,159,268,109,95.56,95.56,2,1,1,,,3,H,Partially protected
24/11/2014,MEIBEI,Nov-Wet,Wet,BAR,,BAR/023d,PETER,SIMON,11:28AM,54092,3706365,51930,3706429,12:23pm,,4,,,,,,,,,,,,,,,,,,,Partially protected
8/11/2014,MEIBEI,Nov-Wet,Wet,BAR,,BAR/024d,PETER,SIMON,9:16AM,53332,3704216,51182,3704082,10:01AM,,4,,,,,,,,,,,,,,,,,,,Partially protected
11/11/2014,MEIBEI,Nov-Wet,Wet,BAR,,BAR/025d,SIMON,PETER,10:17AM,52269,3704297,52635,3702173,11:11AM,,4,,,,,,,,,,,,,,,,,,,Partially protected
11/11/2014,MEIBEI,Nov-Wet,Wet,BAR,,BAR/026d,SIMON,PETER,9:33AM,50403,3704908,50449,3707065,10:03AM,,4,9:55AM,1187,50559,3706008,ost,122,144,111,33,121.99,121.99,7,,,,,4,H,Partially protected
11/11/2014,MEIBEI,Nov-Wet,Wet,BAR,,BAR/027d,SIMON,PETER,1:44PM,49449,3705973,49473,3708130,2:13PM,,4,,,,,,,,,,,,,,,,,,,Partially protected
11/11/2014,MEIBEI,Nov-Wet,Wet,BAR,,BAR/028d,PETER,SIMON,10:21AM,48555,3707683,48993,3709793,10:50AM,,4,,,,,,,,,,,,,,,,,,,Partially protected
12/11/2014,MEIBEI,Nov-Wet,Wet,BAR,,BAR/029d,SIMON,PETER,11:20AM,46936,3708665,47697,3710678,11:55AM,,4,,,,,,,,,,,,,,,,,,,Partially protected
12/11/2014,MEIBEI,Nov-Wet,Wet,BAR,,BAR/030d,PETER,SIMON,12:40PM,47533,3708182,47965,3706071,2:03PM,,4,,,,,,,,,,,,,,,,,,,Partially protected
12/11/2014,MEIBEI,Nov-Wet,Wet,BAR,,BAR/034d,PETER,SIMON,10:13AM,51767,3704594,51480,3702454,11:20AM,,4,,,,,,,,,,,,,,,,,,,Partially protected
13/11/2014,MEIBEI,Nov-Wet,Wet,BAR,,BAR/035d,PETER,SIMON,11:20AM,53194,3703570,55238,3702886,11:44AM,,4,,,,,,,,,,,,,,,,,,,Partially protected
6/1/2015,MEIBEI,Dec-Wet,Wet,NK,,NK/010e,SIMON,TEDDY,10:12AM,57815,3710745,58196,3712865,10:55AM,,4,,,,,,,,,,,,,,,,,,,Partially protected
6/1/2015,MEIBEI,Dec-Wet,Wet,NK,,NK/011e,SIMON,TEDDY,11:09AM,59232,3709191,59382,3711341,11:39AM,,4,,,,,,,,,,,,,,,,,,,Partially protected
6/1/2015,MEIBEI,Dec-Wet,Wet,NK,,NK/012e,PETER,SIMON,1:11PM,100942,3709036,100805,3711189,1:51PM,,4,1:31PM,1258,3710314,100845,OS,84,241,90,151,16.98,16.98,6,2,4,,,3,H,Partially protected
6/1/2015,MEIBEI,Dec-Wet,Wet,NK,,NK/014e,SIMON,PETER,10:22AM,59941,3708671,59748,3706523,11:21AM,,4,10:59AM,1282,3708634,59928,OS,56,201,167,34,29.63,29.63,1,,1,,,3,H,Partially protected
7/1/2015,MEIBEI,Dec-Wet,Wet,NK,,NK/015e,PETER,SIMON,10:11AM,58415,3709939,58119,3707805,11:03AM,,4,,,,,,,,,,,,,,,,,,,Partially protected
7/1/2015,MEIBEI,Dec-Wet,Wet,NK,,NK/016e,PETER,SIMON,8:56AM,56963,3711409,56885,3709254,9:35AM,,4,,,,,,,,,,,,,,,,,,,Partially protected
7/1/2015,MEIBEI,Dec-Wet,Wet,NK,,NK/017e,PETER,SIMON,8:55AM,102799,3713561,100964,3714696,9:50AM,,4,,,,,,,,,,,,,,,,,,,Partially protected
7/1/2015,MEIBEI,Dec-Wet,Wet,NK,,NK/019e,SIMON,PETER,10:36AM,100725,3713172,58919,3714348,11:25AM,,4,,,,,,,,,,,,,,,,,,,Partially protected
7/1/2015,MEIBEI,Dec-Wet,Wet,NK,,NK/020e,SIMON,PETER,12:46PM,58812,3713381,57116,3714717,1:11PM,,4,,,,,,,,,,,,,,,,,,,Partially protected
9/1/2015,MEIBEI,Dec-Wet,Wet,NK,,NK/021e,SIMON,TEDDY,11:50AM,59898,3713120,59642,3710979,12:36PM,,4,11:29AM,1228,3710979,59641,OS,126,262,253,9,51.93,51.93,6,,,,,3,H,Partially protected
9/1/2015,MEIBEI,Dec-Wet,Wet,NK,,NK/022e,PETER,SIMON,12:09PM,101881,3713182,101384,3711085,12:51PM,,4,,,,,,,,,,,,,,,,,,,Partially protected
11/1/2015,MEIBEI,Dec-Wet,Wet,BAR,,BAR/023e,PETER,SIMON,11:28AM,54092,3706365,51930,3706429,12:23pm,,4,,,,,,,,,,,,,,,,,,,Partially protected
11/1/2015,MEIBEI,Dec-Wet,Wet,BAR,,BAR/024e,PETER,SIMON,9:16AM,53332,3704216,51182,3704082,10:01AM,,4,,,,,,,,,,,,,,,,,,,Partially protected
11/1/2015,MEIBEI,Dec-Wet,Wet,BAR,,BAR/025e,SIMON,PETER,10:17AM,52269,3704297,52635,3702173,11:11AM,,4,,,,,,,,,,,,,,,,,,,Partially protected
11/1/2015,MEIBEI,Dec-Wet,Wet,BAR,,BAR/026e,SIMON,PETER,9:33AM,50403,3704908,50449,3707065,10:03AM,,4,,,,,,,,,,,,,,,,,,,Partially protected
11/1/2015,MEIBEI,Dec-Wet,Wet,BAR,,BAR/027e,SIMON,PETER,1:44PM,49449,3705973,49473,3708130,2:13PM,,4,,,,,,,,,,,,,,,,,,,Partially protected
12/1/2015,MEIBEI,Dec-Wet,Wet,BAR,,BAR/028e,PETER,SIMON,10:21AM,48555,3707683,48993,3709793,10:50AM,,4,,,,,,,,,,,,,,,,,,,Partially protected
12/1/2015,MEIBEI,Dec-Wet,Wet,BAR,,BAR/029e,SIMON,PETER,11:20AM,46936,3708665,47697,3710678,11:55AM,,4,,,,,,,,,,,,,,,,,,,Partially protected
13/1/2013,MEIBEI,Dec-Wet,Wet,BAR,,BAR/030e,PETER,SIMON,12:40PM,47533,3708182,47965,3706071,2:03PM,,4,,,,,,,,,,,,,,,,,,,Partially protected
13/1/2015,MEIBEI,Dec-Wet,Wet,BAR,,BAR/034e,PETER,SIMON,10:13AM,51767,3704594,51480,3702454,11:20AM,,4,,,,,,,,,,,,,,,,,,,Partially protected
13/1-/2015,MEIBEI,Dec-Wet,Wet,BAR,,BAR/035e,PETER,SIMON,11:20AM,53194,3703570,55238,3702886,11:44AM,,4,11:26PM,1254,3703620,53717,OS,23,83,0,83,22.27,22.27,4,,,,,3,H,Partially protected
14/3/2015,MEIBEI,Feb-Dry,Dry,NK,,NK/010f,SIMON,TEDDY,10:12AM,57815,3710745,58196,3712865,10:55AM,,4,10:39AM,1277,3708423,58236,OST,178,37,98,61,-171.97,171.97,2,1,1,,,3,H,Partially protected
16/3/2015,MEIBEI,Feb-Dry,Dry,NK,,NK/011f,SIMON,TEDDY,11:09AM,59232,3709191,59382,3711341,11:39AM,,4,11: 15AM,949,3732880,36762,OST,19,51,75,24,-17.21,17.21,1,1,,,,4,H,Partially protected
14/3/2015,MEIBEI,Feb-Dry,Dry,NK,,NK/012f,PETER,SIMON,1:11PM,100942,3709036,100805,3711189,1:51PM,,4,,,,,,,,,,,,,,,,,,,Partially protected
14/3/2015,MEIBEI,Feb-Dry,Dry,NK,,NK/014f,SIMON,PETER,10:22AM,59941,3708671,59748,3706523,11:21AM,,4,,,,,,,,,,,,,,,,,,,Partially protected
16/3/2015,MEIBEI,Feb-Dry,Dry,NK,,NK/015f,PETER,SIMON,10:11AM,58415,3709939,58119,3707805,11:03AM,,4,,,,,,,,,,,,,,,,,,,Partially protected
16/3/2015,MEIBEI,Feb-Dry,Dry,NK,,NK/016f,PETER,SIMON,8:56AM,56963,3711409,56885,3709254,9:35AM,,4,11:55AM,1249,3710419,59299,OST,180,244,274,30,-177.85,177.85,4,1,3,,,3,H,Partially protected
16/3/2015,MEIBEI,Feb-Dry,Dry,NK,,NK/017f,PETER,SIMON,8:55AM,102799,3713561,100964,3714696,9:50AM,,4,,,,,,,,,,,,,,,,,,,Partially protected
16/3/2015,MEIBEI,Feb-Dry,Dry,NK,,NK/019f,SIMON,PETER,10:36AM,100725,3713172,58919,3714348,11:25AM,,4,,,,,,,,,,,,,,,,,,,Partially protected
20/3/2015,MEIBEI,Feb-Dry,Dry,NK,,NK/020f,SIMON,PETER,12:46PM,58812,3713381,57116,3714717,1:11PM,,4,,,,,,,,,,,,,,,,e,,,Partially protected
20/3/2015,MEIBEI,Feb-Dry,Dry,NK,,NK/021f,SIMON,TEDDY,11:50AM,59898,3713120,59642,3710979,12:36PM,,4,,,,,,,,,,,,,,,,,,,Partially protected
20/3/2015,MEIBEI,Feb-Dry,Dry,NK,,NK/022f,PETER,SIMON,12:09PM,101881,3713182,101384,3711085,12:51PM,,4,,,,,,,,,,,,,,,,,,,Partially protected
,MEIBEI,Feb-Dry,Dry,BAR,,BAR/023f,PETER,SIMON,11:28AM,54092,3706365,51930,3706429,12:23pm,,4,,,,,,,,,,,,,,,,,,,Partially protected
,MEIBEI,Feb-Dry,Dry,BAR,,BAR/024f,PETER,SIMON,9:16AM,53332,3704216,51182,3704082,10:01AM,,4,,,,,,,,,,,,,,,,,,,Partially protected
,MEIBEI,Feb-Dry,Dry,BAR,,BAR/025f,SIMON,PETER,10:17AM,52269,3704297,52635,3702173,11:11AM,,4,,,,,,,,,,,,,,,,,,,Partially protected
,MEIBEI,Feb-Dry,Dry,BAR,,BAR/026f,SIMON,PETER,9:33AM,50403,3704908,50449,3707065,10:03AM,,4,,,,,,,,,,,,,,,,,,,Partially protected
,MEIBEI,Feb-Dry,Dry,BAR,,BAR/027f,SIMON,PETER,1:44PM,49449,3705973,49473,3708130,2:13PM,,4,,,,,,,,,,,,,,,,,,,Partially protected
,MEIBEI,Feb-Dry,Dry,BAR,,BAR/028f,PETER,SIMON,10:21AM,48555,3707683,48993,3709793,10:50AM,,4,,,,,,,,,,,,,,,,,,,Partially protected
,MEIBEI,Feb-Dry,Dry,BAR,,BAR/029f,SIMON,PETER,11:20AM,46936,3708665,47697,3710678,11:55AM,,4,,,,,,,,,,,,,,,,,,,Partially protected
,MEIBEI,Feb-Dry,Dry,BAR,,BAR/030f,PETER,SIMON,12:40PM,47533,3708182,47965,3706071,2:03PM,,4,,,,,,,,,,,,,,,,,,,Partially protected
,MEIBEI,Feb-Dry,Dry,BAR,,BAR/034f,PETER,SIMON,10:13AM,51767,3704594,51480,3702454,11:20AM,,4,,,,,,,,,,,,,,,,,,,Partially protected
,MEIBEI,Feb-Dry,Dry,BAR,,BAR/035f,PETER,SIMON,11:20AM,53194,3703570,55238,3702886,11:44AM,,4,,,,,,,,,,,,,,,,,,,Partially protected
22/4/2015,MEIBEI,April-Wet,Wet,BAR,,BAR/023g,SIMON,AMOS,9:08AM,54093,3706365,51930,3706429,9:40 AM,,4,,,,,,,,,,,,,,,,,,,Partially protected
22/4/2015,MEIBEI,April-Wet,Wet,BAR,,BAR/024g,SIMON,AMOS,10:05AM,53332,3704214,51182,3704082,10:30 AM,,4,,,,,,,,,,,,,,,,,,,Partially protected
23/4/2015,MEIBEI,April-Wet,Wet,BAR,,BAR/025g,SIMON,AMOS,10:05AM,53332,3704214,51182,3704082,10:30 AM,,4,,,,,,,,,,,,,,,,,,,Partially protected
26/4/2015,MEIBEI,April-Wet,Wet,BAR,,BAR/026g,SIMON,AMOS,12:40AM,53332,3704214,51182,3708130,1:08 PM,,4,,,,,,,,,,,,,,,,,,,Partially protected
25/3/2015,MEIBEI,April-Wet,Wet,BAR,,BAR/027g,SIMON,AMOS,11:12AM,49448,3705974,49473,3708130,11:47AM,,4,,,,,,,,,,,,,,,,,,,Partially protected
25/3/2015,MEIBEI,April-Wet,Wet,BAR,,BAR/028g,SIMON,AMOS,11:57AM,48555,3707683,48993,3709793,12:18PM,,4,,,,,,,,,,,,,,,,,,,Partially protected
24/4/2015,MEIBEI,April-Wet,Wet,BAR,,BAR/029g,SIMON,AMOS,10:33AM,46936,3708663,47698,3710678,11:02AM,,4,,,,,,,,,,,,,,,,,,,Partially protected
24/4/2015,MEIBEI,April-Wet,Wet,BAR,,BAR/030g,SIMON,AMOS,9:50AM,46936,3708663,47697,3710678,10:26AM,,4,,,,,,,,,,,,,,,,,,,Partially protected
26/4/2015,MEIBEI,April-Wet,Wet,BAR,,BAR/034g,SIMON,AMOS,1:30PM,51765,3704593,51480,3702453,1:55PM,,4,,,,,,,,,,,,,,,,,,,Partially protected
23/4/2015,MEIBEI,April-Wet,Wet,BAR,,BAR/035g,SIMON,AMOS,11:06AM,53194,3703570,55238,3702887,11:27 AM,,4,,,,,,,,,,,,,,,,,,,Partially protected
27/4/2015/2015,MEIBEI,April-Wet,Wet,NK,,NK/010g,SIMON,AMOS,9:52AM,57816,3710744,58191,3712868,10:37AM,,4,10:34AM,1215,57898,3711006,OST,300,127,98,29,-199.09,199.09,12,4,8,,,3,H,Partially protected
29/4/2015,MEIBEI,April-Wet,Wet,NK,,NK/011g,SIMON,AMOS,9:54AM,59230,3709191,59383,3711341,10:29,,4,10:05AM,1264,59211,3709670,OST,120,202,75,127,116.72,116.72,5,3,2,,,3,H,Partially protected
29/4/2015,MEIBEI,April-Wet,Wet,NK,,NK/011g,SIMON,AMOS,9:54AM,59230,3709191,59383,3711341,11:29,,4,10:12AM,1213,59236,3711342,OST,74,177,90,87,-60.81,60.81,9,2,7,,,3,H,Partially protected
28/4/2015,MEIBEI,April-Wet,Wet,NK,,NK/012g,SIMON,AMOS,9:54AM,100942,3709035,100804,3711186,10:31AM,,4,,,,,,,,,,,,,,,,,,,Partially protected
28/4/2015,MEIBEI,April-Wet,Wet,NK,,NK/014g,SIMON,AMOS,11:40AM,59941,3708672,59748,3706523,12:17PM,,4,,,,,,,,,,,,,,,,,,,Partially protected
28/4/2015,MEIBEI,April-Wet,Wet,NK,,NK/015g,SIMON,AMOS,9:53AM,58415,3709940,58119,3707804,10:43AM,,4,,,,,,,,,,,,,,,,,,,Partially protected
28/4/2015,MEIBEI,April-Wet,Wet,NK,,NK/016g,SIMON,AMOS,9:06 AM,58416,3708958,58119,3707803,9:48AM,,4,,,,,,,,,,,,,,,,,,,Partially protected
1/5/2015,MEIBEI,April-Wet,Wet,NK,,NK/017g,SIMON,AMOS,9:03,102799,3713559,100966,3714696,9:39AM,,4,,,,,,,,,,,,,,,,,,,Partially protected
1/5/2015,MEIBEI,April-Wet,Wet,NK,,NK/019g,SIMON,AMOS,9:54AM,100726,3713171,58920,3714349,10:26AM,,4,,,,,,,,,,,,,,,,,,,Partially protected
27/4/2015,MEIBEI,April-Wet,Wet,NK,,NK/020g,SIMON,AMOS,9:11 AM,58812,3713380,57117,3714177,9:48AM,,4,,,,,,,,,,,,,,,,,,,Partially protected
30/4/2015,MEIBEI,April-Wet,Wet,NK,,NK/021g,SIMON,AMOS,12:05 PM,59895,3713118,59642,3710979,12:36PM,,4,,,,,,,,,,,,,,,,,,,Partially protected
1/5/2015,MEIBEI,April-Wet,Wet,NK,,NK/022g,SIMON,AMOS,9:23AM,101879,3713182,101384,3711084,9:55AM,,4,,,,,,,,,,,,,,,,,,,Partially protected
9/5/2015,MEIBEI,May-Wet,Wet,BAR,,BAR/023h,SIMON,AMOS,9:08AM,54093,3706365,51930,3706429,9:40 AM,,4,,,,,,,,,,,,,,,,,,,Partially protected
9/6/2015,MEIBEI,May-Wet,Wet,BAR,,BAR/024h,SIMON,AMOS,10:05AM,53332,3704214,51182,3704082,10:30 AM,,4,,,,,,,,,,,,,,,,,,,Partially protected
10/5/2015,MEIBEI,May-Wet,Wet,BAR,,BAR/025h,SIMON,AMOS,10:05AM,53332,3704214,51182,3704082,10:30 AM,,4,,,,,,,,,,,,,,,,,,,Partially protected
10/5/2015,MEIBEI,May-Wet,Wet,BAR,,BAR/026h,SIMON,AMOS,12:40AM,53332,3704214,51182,3708130,1:08 PM,,4,,,,,,,,,,,,,,,,,,,Partially protected
9/5/2015,MEIBEI,May-Wet,Wet,BAR,,BAR/027h,SIMON,AMOS,11:12AM,49448,3705974,49473,3708130,11:47AM,,4,,,,,,,,,,,,,,,,,,,Partially protected
11/5/2015,MEIBEI,May-Wet,Wet,BAR,,BAR/028h,SIMON,AMOS,11:57AM,48555,3707683,48993,3709793,12:18PM,,4,,,,,,,,,,,,,,,,,,,Partially protected
11/5/2015,MEIBEI,May-Wet,Wet,BAR,,BAR/029h,SIMON,AMOS,10:33AM,46936,3708663,47698,3710678,11:02AM,,4,,,,,,,,,,,,,,,,,,,Partially protected
7/5/2015,MEIBEI,May-Wet,Wet,BAR,,BAR/030h,SIMON,AMOS,9:50AM,46936,3708663,47697,3710678,10:26AM,,4,10:01AM,1129,47019,3709409,OST,123,121,272,151,24.86,24.86,12,3,9,,3,,,Partially protected
10/5/2015,MEIBEI,May-Wet,Wet,BAR,,BAR/034h,SIMON,AMOS,1:30PM,51765,3704593,51480,3702453,1:55PM,,4,,,,,,,,,,,,,,,,,,,Partially protected
7/5/2015,MEIBEI,May-Wet,Wet,BAR,,BAR/035h,SIMON,AMOS,11:06AM,53194,3703570,55238,3702887,11:27 AM,,4,,,,,,,,,,,,,,,,,,,Partially protected
12/5/2015,MEIBEI,May-Wet,Wet,NK,,NK/010h,SIMON,AMOS,9:52AM,57816,3710744,58191,3712868,10:37AM,,4,,,,,,,,,,,,,,,,,,,Partially protected
12/5/2015,MEIBEI,May-Wet,Wet,NK,,NK/011h,SIMON,AMOS,9:54AM,59230,3709191,59383,3711341,10:29,,4,,,,,,,,,,,,,,,,,,,Partially protected
14/5/2015,MEIBEI,May-Wet,Wet,NK,,NK/012h,SIMON,AMOS,9:54AM,100942,3709035,100804,3711186,10:31AM,,4,,,,,,,,,,,,,,,,,,,Partially protected
14/5/2015,MEIBEI,May-Wet,Wet,NK,,NK/014h,SIMON,AMOS,11:40AM,59941,3708672,59748,3706523,12:17PM,,4,,,,,,,,,,,,,,,,,,,Partially protected
14/5/2015,MEIBEI,May-Wet,Wet,NK,,NK/015h,SIMON,AMOS,9:53AM,58415,3709940,58119,3707804,10:43AM,,4,,,,,,,,,,,,,,,,,,,Partially protected
8/5/2015,MEIBEI,May-Wet,Wet,NK,,NK/017h,SIMON,AMOS,9:03,102799,3713559,100966,3714696,9:39AM,,4,,,,,,,,,,,,,,,,,,,Partially protected
8/5/2015,MEIBEI,May-Wet,Wet,NK,,NK/019h,SIMON,AMOS,9:54AM,100726,3713171,58920,3714349,10:26AM,,4,,,,,,,,,,,,,,,,,,,Partially protected
13/5/2015,MEIBEI,May-Wet,Wet,NK,,NK/020h,SIMON,AMOS,9:11 AM,58812,3713380,57117,3714177,9:48AM,,4,,,,,,,,,,,,,,,,,,,Partially protected
13/5/2015,MEIBEI,May-Wet,Wet,NK,,NK/021h,SIMON,AMOS,12:05 PM,59895,3713118,59642,3710979,12:36PM,,4,12:15PM,1224,59749,3711256,0ST,96,94,,94,-23.54,23.54,7,2,5,,3,,,Partially protected
13/5/2015,MEIBEI,May-Wet,Wet,NK,,NK/022h,SIMON,AMOS,9:23AM,101879,3713182,101384,3711084,9:55AM,,4,,,,,,,,,,,,,,,,,,,protected
21/6/2018,SNR,June- Dry,Dry,SNR,,SNR/062a,SIMON,MUTIGA,10:25AM,37076,373744,38966,3737074,11:06AM,,5,,,,,,,,,,,,,,,,,,,protected
21/6/2015,SNR,June- Dry,Dry,SNR,,SNR/064a,SIMON,MUTIGA,9:45AM,36720,3737266,35495,3735617,10:51AM,,4.5,,,,,,,,,,,,,,,,,,,protected
21/6/2016,SNR,June- Dry,Dry,SNR,,SNR/066a,SIMON,MUTIGA,11:09AM,35486,3735485,37402,3735431,11:49AM,,4,,,,,,,,,,,,,,,,,,,protected
21/6/2014,SNR,June- Dry,Dry,SNR,,SNR/068a,SIMON,MUTIGA,12:18PM,35354,3734798,34540,3734128,1:00PM,,4.5,,,,,,,,,,,,,,,,,,,protected
21/6/2017,SNR,June- Dry,Dry,SNR,,SNR/070a,SIMON,MUTIGA,1:08PM,34452,3733396,36551,3732904,1:43PM,,4,,,,,,,,,,,,,,,,,,,protected
22/6/2014,SNR,June- Dry,Dry,SNR,,SNR/074a,SIMON,MUTIGA,11:35AM,34163,3731077,36230,3731687,11:51AM,,4,,,,,,,,,,,,,,,,,,,protected
21/6/2019,SNR,June- Dry,Dry,SNR,,SNR/076a,SIMON,MUTIGA,8:09AM,35695,3729164,37792,3728657,8:33AM,,4,,,,,,,,,,,,,,,,,,,protected
21/6/2020,SNR,June- Dry,Dry,SNR,,SNR/090a,SIMON,MUTIGA,8:47AM,35219,3729715,36675,3731318,9:20AM,,4,,,,,,,,,,,,,,,,,,,protected
22/6/2015,SNR,June- Dry,Dry,SNR,,SNR/091a,SIMON,MUTIGA,9:29AM,36805,3731843,37276,3733949,9:51AM,,4,,,,,,,,,,,,,,,,,,,protected
21/6/2021,SNR,June- Dry,Dry,SNR,,SNR/092a,SIMON,MUTIGA,10:00AM,37718,3734049,39875,3734061,9:28AM,,4,,,,,,,,,,,,,,,,,,,protected
22/6/2016,SNR,June- Dry,Dry,SNR,,SNR/104a,SIMON,MUTIGA,11:323M,34674,3732267,35475,3731683,11:54AM,,2,,,,,,,,,,,,,,,,,,,protected
25/7/2014,SNR,July-Dry,Dry,SNR,,SNR/062b,SIMON,TEDDY,9:06AM,37076,373744,38966,3737074,9:30AM,,5,,,,,,,,,,,,,,,,,,,protected
25/7/2014,SNR,July-Dry,Dry,SNR,,SNR/064,SIMON,TEDDY,9:51AM,36720,3737266,35495,3735617,11:07AM,,4.5,10:23AM,857,35626,373659,,84,280,,,,,6,2,1,3,,2,PA,protected
25/7/2014,SNR,July-Dry,Dry,SNR,,SNR/066,SIMON,TEDDY,11:20AM,35486,3735485,37402,3735431,11:49AM,,4,11:30AM,,35548,3736493,,20,,,,,,6,3,3,,,2,,protected
25/7/2014,SNR,July-Dry,Dry,SNR,,SNR/068b,SIMON,TEDDY,12:08PM,35354,3734798,34540,3734128,1:00PM,,4.5,,,,,,,,,,,,,,,,,,,protected
25/7/2014,SNR,July-Dry,Dry,SNR,,SNR/070b,TEDDY,SIMON,1:07PM,34452,3733396,36551,3732904,1:35PM,,4,,,,,,,,,,,,,,,,,,,protected
26/7/2014,SNR,July-Dry,Dry,SNR,,SNR/074b,SIMON,TEDDY,11:25AM,34163,3731077,36230,3731687,11:45AM,,4,,,,,,,,,,,,,,,,,,,protected
26/7/2014,SNR,July-Dry,Dry,SNR,,SNR/076b,SIMON,TEDDY,8:09AM,35695,3729164,37792,3728657,8:33AM,,4,,,,,,,,,,,,,,,,,,,protected
26/7/2014,SNR,July-Dry,Dry,SNR,,SNR/090b,SIMON,TEDDY,8:47AM,35219,3729715,36675,3731318,9:20AM,,4,,,,,,,,,,,,,,,,,,,protected
26/7/2014,SNR,July-Dry,Dry,SNR,,SNR/091b,SIMON,TEDDY,9:29AM,36805,3731843,37276,3733949,9:51AM,,4,,,,,,,,,,,,,,,,,,,protected
26/7/2014,SNR,July-Dry,Dry,SNR,,SNR/092b,SIMON,TEDDY,10:00AM,37718,3734049,39875,3734061,9:28AM,,4,10:16AM,948,39083,3733965,,100,300,354,54,-55.88,55.88,2,,2,,,3,,protected
12/12/2014,SNR,July-Dry,Dry,SNR,,SNR/104b,SIMON,MUTIGA,11:22AM,34674,3732267,35475,3731683,11:40AM,,2,,,,,,,,,,,,,,,,,,,protected
1/9/2014,SNR,Sept-Dry,Dry,NK,,NK/011c,SIMON,PETER,10:37AM,59230,3709191,59382,3711342,11:07AM,,4,10:30AM,1248,59313,3710604,Ostr,200,20,75,55,-199.95,199.95,3,,3,,,3,H,protected
10/10/2014,SNR,Sept-Dry,Dry,SNR,,SNR/062c,SIMON,MUTIGA,9:06AM,37076,373744,38966,3737074,9:30AM,,5,,,,,,,,,,,,,,,,,,,protected
10/10/2014,SNR,Sept-Dry,Dry,SNR,,SNR/064c,SIMON,MUTIGA,9:51AM,36720,3737266,35495,3735617,11:07AM,,4.5,,,,,,,,,,,,,,,,,,,protected
10/10/2014,SNR,Sept-Dry,Dry,SNR,,SNR/066c,SIMON,MUTIGA,11:20AM,35486,3735485,37402,3735431,11:49AM,,4,,,,,,,,,,,,,,,,,,,protected
10/10/2014,SNR,Sept-Dry,Dry,SNR,,SNR/068c,SIMON,MUTIGA,12:08PM,35354,3734798,34540,3734128,1:00PM,,4.5,12:36AM,,59231,3709191,Ostr,120,320,255,65,99.22,99.22,8,3,5,,,3,H,protected
10/10/2014,SNR,Sept-Dry,Dry,SNR,,SNR/070c,TEDDY,MUTIGA,1:07PM,34452,3733396,36551,3732904,1:35PM,,4,,,,,,,,,,,,,,,,,,,protected
11/10/2014,SNR,Sept-Dry,Dry,SNR,,SNR/074c,SIMON,MUTIGA,11:25AM,34163,3731077,36230,3731687,11:45AM,,4,,,,,,,,,,,,,,,,,,,protected
10/10/2014,SNR,Sept-Dry,Dry,SNR,,SNR/076c,SIMON,MUTIGA,8:09AM,35695,3729164,37792,3728657,8:33AM,,4,,,,,,,,,,,,,,,,,,,protected
10/10/2014,SNR,Sept-Dry,Dry,SNR,,SNR/090c,SIMON,MUTIGA,8:47AM,35219,3729715,36675,3731318,9:20AM,,4,,,,,,,,,,,,,,,,,,,protected
11/10/2014,SNR,Sept-Dry,Dry,SNR,,SNR/091c,SIMON,MUTIGA,9:29AM,36805,3731843,37276,3733949,9:51AM,,4,,,,,,,,,,,,,,,,,,,protected
10/10/2014,SNR,Sept-Dry,Dry,SNR,,SNR/092c,SIMON,MUTIGA,10:00AM,37718,3734049,39875,3734061,9:28AM,,4,,,,,,,,,,,,,,,,,,,protected
11/10/2014,SNR,Sept-Dry,Dry,SNR,,SNR/104c,SIMON,MUTIGA,11:22AM,34674,3732267,35475,3731683,11:40AM,,4,,,,,,,,,,,,,,,,,,,protected
2/12/2014,SNR,Nov-Wet,Wet,SNR,,SNR/062d,SIMON,MUTIGA,10:31AM,37076,373744,38966,3737074,10:45AM,,5,,,34529,3734949,OST,52,220,346,126,17.16,17.16,6,1,1,4,,1,PA,protected
2/12/2014,SNR,Nov-Wet,Wet,SNR,,SNR/064d,SIMON,MUTIGA,9:23AM,36720,3737266,35495,3735617,10:09AM,,4.5,,,,,,,,,,,,,,,,,,,protected
2/12/2014,SNR,Nov-Wet,Wet,SNR,,SNR/066d,SIMON,MUTIGA,11:00AM,35486,3735485,37402,3735431,11:24AM,,4,,,,,,,,,,,,,,,,,,,protected
2/12/2014,SNR,Nov-Wet,Wet,SNR,,SNR/068d,SIMON,MUTIGA,11:46AM,35354,3734798,34540,3734128,11:58AM,,4.5,,,,,,,,,,,,,,,,,,,protected
2/12/2014,SNR,Nov-Wet,Wet,SNR,,SNR/070d,SIMON,MUTIGA,12:11PM,34452,3733396,36551,3732904,12:47PM,,4,,,,,,,,,,,,,,,,,,,protected
2/12/2014,SNR,Nov-Wet,Wet,SNR,,SNR/074d,SIMON,MUTIGA,9:41AM,34163,3731077,36230,3731687,10:21AM,,4,,,,,,,,,,,,,,,,,,,protected
2/12/2014,SNR,Nov-Wet,Wet,SNR,,SNR/076d,SIMON,MUTIGA,1:58PM,35695,3729164,37792,3728657,2:12PM,,4,,,,,,,,,,,,,,,,,,,protected
3/12/2014,SNR,Nov-Wet,Wet,SNR,,SNR/090d,SIMON,MUTIGA,3:04PM,35219,3729715,36675,3731318,3:30PM,,4,,,,,,,,,,,,,,,,,,,protected
3/12/2014,SNR,Nov-Wet,Wet,SNR,,SNR/091d,SIMON,MUTIGA,3:39PM,36805,3731843,37276,3733949,4:03PM,,4,,,,,,,,,,,,,,,,,,,protected
3/12/2014,SNR,Nov-Wet,Wet,SNR,,SNR/092d,SIMON,MUTIGA,2:30PM,37718,3734049,39875,3734061,2:56PM,,4,,,,,,,,,,,,,,,,,,,protected
3/12/2014,SNR,Nov-Wet,Wet,SNR,,SNR/104d,SIMON,MUTIGA,11.24 AM,34674,3732267,35475,3731683,11:48AM,,2,,,,,,,,,,,,,,,,,,,protected
11/12/2014,SNR,Dec-Wet,Wet,SNR,,SNR/062e,SIMON,MUTIGA,9:06AM,37076,373744,38966,3737074,9:30AM,,5,,,,,,,,,,,,,,,,,,,protected
11/12/2014,SNR,Dec-Wet,Wet,SNR,,SNR/064e,SIMON,MUTIGA,9:51AM,36720,3737266,35495,3735617,11:07AM,,4.5,,,,,,,,,,,,,,,,,,,protected
12/12/2014,SNR,Dec-Wet,Wet,SNR,,SNR/066e,SIMON,MUTIGA,11:20AM,35486,3735485,37402,3735431,11:49AM,,4,,,,,,,,,,,,,,,,,,,protected
12/12/2014,SNR,Dec-Wet,Wet,SNR,,SNR/068e,SIMON,MUTIGA,12:08PM,35354,3734798,34540,3734128,1:00PM,,4.5,,,,,,,,,,,,,,,,,,PA,protected
12/12/2014,SNR,Dec-Wet,Wet,SNR,,SNR/070e,SIMON,MUTIGA,1:07PM,34452,3733396,36551,3732904,1:35PM,,4,,,,,,,,,,,,,,,,,,,protected
12/12/2014,SNR,Dec-Wet,Wet,SNR,,SNR/074e,SIMON,MUTIGA,11:25AM,34163,3731077,36230,3731687,11:45AM,,4,,,,,,,,,,,,,,,,,,,protected
12/12/2014,SNR,Dec-Wet,Wet,SNR,,SNR/076e,SIMON,MUTIGA,8:09AM,35695,3729164,37792,3728657,8:33AM,,4,,,,,,,,,,,,,,,,,,,protected
12/12/2014,SNR,Dec-Wet,Wet,SNR,,SNR/090e,SIMON,MUTIGA,8:47AM,35219,3729715,36675,3731318,9:20AM,,4,,,,,,,,,,,,,,,,,,,protected
12/12/2014,SNR,Dec-Wet,Wet,SNR,,SNR/091e,SIMON,MUTIGA,9:29AM,36805,3731843,37276,3733949,9:51AM,,4,,,,,,,,,,,,,,,,,,,protected
12/12/2014,SNR,Dec-Wet,Wet,SNR,,SNR/092e,SIMON,MUTIGA,10:00AM,37718,3734049,39875,3734061,9:28AM,,4,4:54PM,947,3733974,39263,OS,68,162,8,154,-4.21,4.21,1,,1,,,4,PA,protected
12/12/2014,SNR,Dec-Wet,Wet,SNR,,SNR/104e,SIMON,MUTIGA,11:22AM,34674,3732267,35475,3731683,11:40AM,,2,,,,,,,,,,,,,,,,,3,PA,protected
21/2/2015,SNR,Feb-Dry,Dry,SNR,,SNR/062f,SIMON,MUTIGA,9:06AM,37076,373744,38966,3737074,9:30AM,,5,,,,,,,,,,,,,,,,,,,protected
21/2/2015,SNR,Feb-Dry,Dry,SNR,,SNR/064f,SIMON,MUTIGA,9:51AM,36720,3737266,35495,3735617,11:07AM,,4.5,,,,,,,,,,,,,,,,,,,protected
21/2/2015,SNR,Feb-Dry,Dry,SNR,,SNR/066f,SIMON,MUTIGA,11:20AM,35486,3735485,37402,3735431,11:49AM,,4,,,,,,,,,,,,,,,,,,,protected
21/2/2015,SNR,Feb-Dry,Dry,SNR,,SNR/068f,SIMON,MUTIGA,12:08PM,35354,3734798,34540,3734128,1:00PM,,4.5,,,,,,,,,,,,,,,,,,,protected
21/2/2015,SNR,Feb-Dry,Dry,SNR,,SNR/070f,SIMON,MUTIGA,1:07PM,34452,3733396,36551,3732904,1:35PM,,4,,,,,,,,,,,,,,,,,,,protected
21/2/2015,SNR,Feb-Dry,Dry,SNR,,SNR/074f,SIMON,MUTIGA,11:25AM,34163,3731077,36230,3731687,11:45AM,,4,,,,,,,,,,,,,,,,,,,protected
21/2/2014,SNR,Feb-Dry,Dry,SNR,,SNR/076f,SIMON,MUTIGA,8:09AM,35695,3729164,37792,3728657,8:33AM,,4,,,,,,,,,,,,,,,,,,,protected
8/3/2015,SNR,Feb-Dry,Dry,SNR,,SNR/090f,SIMON,MUTIGA,8:47AM,35219,3729715,36675,3731318,9:20AM,,4,,,,,,,,,,,,,,,,,,,protected
8/3/2015,SNR,Feb-Dry,Dry,SNR,,SNR/091f,SIMON,MUTIGA,9:29AM,36805,3731843,37276,3733949,9:51AM,,4,,,,,,,,,,,,,,,,,,,protected
8/3/2015,SNR,Feb-Dry,Dry,SNR,,SNR/092f,SIMON,MUTIGA,10:00AM,37718,3734049,39875,3734061,9:28AM,,4,,,,,,,,,,,,,,,,,,,protected
8/3/2015,SNR,Feb-Dry,Dry,SNR,,SNR/104f,SIMON,MUTIGA,11:22AM,34674,3732267,35475,3731683,11:40AM,,2,,,,,,,,,,,,,,,,,,,protected
18/4/2015,SNR,April-Wet,Wet,SNR,,SNR/062g,SIMON,MUTIGA,7:27,37076,373744,38966,3737074,7:48 AM,,5,,,,,,,,,,,,,,,,,,,protected
18/4/2015,SNR,April-Wet,Wet,SNR,,SNR/064g,SIMON,MUTIGA,8:05 AM,36720,3737266,35495,3735617,9:42 AM,,4.5,,,,,,,,,,,,,,,,,,,protected
18/4/2015,SNR,April-Wet,Wet,SNR,,SNR/066g,SIMON,MUTIGA,9:54 AM,35486,3735485,37402,3735431,10:26AM,,4,9:58AM,875,35772,3735262,0ST,57,35,0,35,-24.41,24.41,6,4,2,,,1,PA,protected
18/4/2015,SNR,April-Wet,Wet,SNR,,SNR/068g,SIMON,MUTIGA,10:56 AM,35354,3734798,34540,3734128,11:32AM,,4.5,,,,,,,,,,,,,,,,,,,protected
18/4/2015,SNR,April-Wet,Wet,SNR,,SNR/070g,SIMON,MUTIGA,12:02AM,34452,3733396,36551,3732904,12:40 PM,,4,,,,,,,,,,,,,,,,,,,protected
19/4/2015,SNR,April-Wet,Wet,SNR,,SNR/074g,SIMON,MUTIGA,7:43AM,34163,3731077,36230,3731687,8:15 AM,,4,,,,,,,,,,,,,,,,,,,protected
19/4/2015,SNR,April-Wet,Wet,SNR,,SNR/076g,SIMON,MUTIGA,8:21 AM,35695,3729164,37792,3728657,8:45AM,,4,,,,,,,,,,,,,,,,,,,protected
19/4/2015,SNR,April-Wet,Wet,SNR,,SNR/090g,SIMON,MUTIGA,9:01AM,35219,3729715,36675,3731318,9:21 AM,,4,,,,,,,,,,,,,,,,,,,protected
19/4/2015,SNR,April-Wet,Wet,SNR,,SNR/091g,SIMON,MUTIGA,10:23AM,36805,3731843,37276,3733949,10:47AM,,4,10:34 AM,963,36971,3733247,OST,75,112,8,104,-24.12,24.12,4,1,3,0,,4,PA,protected
19/4/2015,SNR,April-Wet,Wet,SNR,,SNR/092g,SIMON,MUTIGA,10:54AM,37718,3734049,39875,3734061,11:34 AM,,4,,,,,,,,,,,,,,,,,,,protected
18/4/2015,SNR,April-Wet,Wet,SNR,,SNR/104g,SIMON,MUTIGA,12:54 PM,34674,3732267,35475,3731683,1:23 AM,,2,,,,,,,,,,,,,,,,,,,protected
4/5/2015,SNR,May-Wet,Wet,SNR,,SNR/062h,SIMON,MUTIGA,9:02AM,37076,373744,38966,3737074,9:26AM,,4,,,,,,,,,,,,,,,,,,,protected
4/5/2015,SNR,May-Wet,Wet,SNR,,SNR/064h,SIMON,MUTIGA,9:51AM,36720,3737266,35495,3735617,10:27AM,,5,9:52AM,915,35341,3731833,ost,37,164,58,106,-26.9,26.9,5,4,1,,3,,,protected
4/5/2015,SNR,May-Wet,Wet,SNR,,SNR/066h,SIMON,MUTIGA,11:23AM,35486,3735485,37402,3735431,11:51AM,,4.5,,,,,,,,,,,,,,,,,,,protected
4/5/2015,SNR,May-Wet,Wet,SNR,,SNR/068h,SIMON,MUTIGA,12:13PM,35354,3734798,34540,3734128,1:10PM,,4,12:30PM,864,35429,3734949,ost,52,120,8,112,-46.28,46.28,3,,3,,1,,,protected
4/5/2015,SNR,May-Wet,Wet,SNR,,SNR/070h,SIMON,MUTIGA,1:17PM,34452,3733396,36551,3732904,1:45PM,,4.5,,,,,,,,,,,,,,,,,,,protected
4/5/2015,SNR,May-Wet,Wet,SNR,,SNR/074h,SIMON,MUTIGA,2:02PM,34163,3731077,36230,3731687,2:25PM,,4,,,,,,,,,,,,,,,,,,,protected
5/5/2015,SNR,May-Wet,Wet,SNR,,SNR/076h,SIMON,MUTIGA,8:19AM,35695,3729164,37792,3728657,8:41AM,,4,,,,,,,,,,,,,,,,,,,protected
5/5/2015,SNR,May-Wet,Wet,SNR,,SNR/090h,SIMON,MUTIGA,8:49AM,35219,3729715,36675,3731318,9:11AM,,4,,,,,,,,,,,,,,,,,,,protected
5/5/2015,SNR,May-Wet,Wet,SNR,,SNR/091h,SIMON,MUTIGA,9:39AM,36805,3731843,37276,3733949,10:02AM,,4,,,,,,,,,,,,,,,,,,,protected
5/5/2015,SNR,May-Wet,Wet,SNR,,SNR/092h,SIMON,MUTIGA,10:21AM,37718,3734049,39875,3734061,9:39AM,,4,,,,,,,,,,,,,,,,,,,protected
4/5/2015,SNR,May-Wet,Wet,SNR,,SNR/104h,SIMON,MUTIGA,11:12AM,34674,3732267,35475,3731683,11:37AM,,2,,,,,,,,,,,,,,,,,,,protected
28/6/2014,WESTGATE,June- Dry,Dry,WG,,WG/002a,SIMON,PETER,9:40AM,52230,3719027,52077,3721175,10:12AM,,4,,,,,,,,,,,,,,,,,,,Partially protected
28/6/2014,WESTGATE,June- Dry,Dry,WG,,WG/003a,PETER,SIMON,10:38AM,50197,3718571,49867,3720703,11:06AM,,4,,,,,,,,,,,,,,,,,,,Partially protected
28/6/2014,WESTGATE,June- Dry,Dry,WG,,WG/004a,SIMON,PETER,9:41AM,48303,3719422,48577,3721560,10:13AM,,2,,,,,,,,,,,,,,,,,,,Partially protected
28/6/2014,WESTGATE,June- Dry,Dry,WG,,WG/005a,PETER,SIMON,10:42AM,46560,3720478,46853,3721513,10:57AM,,4,,,,,,,,,,,,,,,,,,,Partially protected
29/6/2014,WESTGATE,June- Dry,Dry,WG,,WG/006a,PETER,SIMON,11:14AM,44674,3721235,44386,3723209,11:43AM,,4,9:50AM,1057,44652,37227337,OS,173,200,92,108,160.34,160.34,1,1,,,,2,H,Partially protected
29/6/2014,WESTGATE,June- Dry,Dry,WG,,WG/007a,SIMON,PETER,10:33AM,45652,3721059,45391,3718917,10:59AM,,4,11:03AM,1067,45758,3719544,OS,11,187,272,85,-1.94,1.94,1,1,,,,3,H,Partially protected
29/6/2014,WESTGATE,June- Dry,Dry,WG,,WG/008a,PETER,SIMON,12:20PM,47441,3720007,47625,3717862,12;51PM,,4,,,,,,,,,,,,,,,,,,,Partially protected
29/6/2014,WESTGATE,June- Dry,Dry,WG,,WG/009a,SIMON,PETER,11:03AM,49236,3718986,49775,3717459,11:37AM,,4,,,,,,,,,,,,,,,,,,,Partially protected
12/7/2014,WESTGATE,July-Dry,Dry,NG,,WG/002,SIMON,PETER,9:40AM,52230,3719027,52077,3721175,10:12AM,,4,,,,,,,,106,106,0,0,,,,,,,,Partially protected
12/7/2014,WESTGATE,July-Dry,Dry,NG,,WG/003b,PETER,SIMON,10:38AM,50197,3718571,49867,3720703,11:06AM,,4,12:14PM,1168,51954,3719295,,53,287,262,25,-7.01,7.01,4,1,3,,,2,,Partially protected
12/7/2014,WESTGATE,July-Dry,Dry,NG,,WG/003b,PETER,SIMON,10:38AM,50197,3718571,49867,3720703,11:06AM,,4,10:57AM,1110,50040,3719711,,117,160,262,102,116.39,116.39,1,1,,,,2,,Partially protected
15/7/2014,WESTGATE,July-Dry,Dry,NG,,WG/004b,SIMON,PETER,9:41AM,48303,3719422,48577,3721560,10:13AM,,2,,,,,,,,,,,,,,,,,,,Partially protected
15/7/2014,WESTGATE,July-Dry,Dry,NG,,WG/005b,PETER,SIMON,10:42AM,46560,3720478,46853,3721513,10:57AM,,4,,,,,,,,,,,,,,,,,,,Partially protected
15/7/2014,WESTGATE,July-Dry,Dry,NG,,WG/006b,PETER,SIMON,11:14AM,44674,3721235,44386,3723209,11:43AM,,4,,,,,,,,,,,,,,,,,,,Partially protected
24/11/2014,WESTGATE,July-Dry,Dry,WG,,WG/007b,SIMON,PETER,10:33AM,45652,3721059,45391,3718917,10:59AM,,4,11:02AM,,45306,3719471,,88,174,272,98,-50.46,50.46,6,3,3,,,3,H,Partially protected
24/11/2014,WESTGATE,July-Dry,Dry,WG,,WG/007b,SIMON,PETER,10:33AM,45652,3721059,45391,3718917,10:59AM,,4,11:01AM,1043,45306,3719471,,88,240,272,32,48.53,48.53,3,1,2,,,3,,Partially protected
19/7/2014,WESTGATE,July-Dry,Dry,WG,,WG/008b,PETER,SIMON,12:20PM,47441,3720007,47625,3717862,12;51PM,,4,,,,,,,,,,,,,,,,,,,Partially protected
18/7/2014,WESTGATE,July-Dry,Dry,WG,,WG/009b,SIMON,PETER,11:03AM,49236,3718986,49775,3717459,11:37AM,,4,,,,,,,,,,,,,,,,,,,Partially protected
4/9/2014,WESTGATE,Sept-Dry,Dry,NG,,WG/002c,SIMON,PETER,11:24AM,52230,3719027,52077,3721175,11:57AM,,4,11:49AM,1181,52074,3721150,Ostr,184,340,106,234,183.78,183.78,1,,1,,,4,H,Partially protected
5/9/2014,WESTGATE,Sept-Dry,Dry,NG,,WG/003c,PETER,SIMON,12:19PM,50197,3718571,49867,3720703,12:45PM,,4,,,,,,,,,,,,,,,,,,,Partially protected
5/9/2014,WESTGATE,Sept-Dry,Dry,NG,,WG/004c,SIMON,PETER,10:13AM,48303,3719422,48577,3721560,10:58AM,,2,10:56AM,1093,48577,371560,Ostr,98,160,95,65,81.03,81.03,1,1,,,,4,H,Partially protected
6/9/2014,WESTGATE,Sept-Dry,Dry,NG,,WG/005c,PETER,SIMON,1:16PM,46560,3720478,46853,3721513,1:39PM,,4,,,,,,,,,,,,,,,,,,,Partially protected
6/9/2014,WESTGATE,Sept-Dry,Dry,NG,,WG/006c,PETER,SIMON,9:35AM,44674,3721235,44386,3723209,9:56AM,,4,,,,,,,,,,,,,,,,,,,Partially protected
8/9/2014,WESTGATE,Sept-Dry,Dry,WG,,WG/007c,SIMON,PETER,9:38AM,45652,3721059,45391,3718917,10:58AM,,4,10:27AM,,,,Ostr,200,120,272,152,186.66,186.66,13,8,5,,,3,,Partially protected
8/9/2014,WESTGATE,Sept-Dry,Dry,WG,,WG/007c,SIMON,PETER,3:13PM,45652,3721059,45391,3718917,3:32PM,,4,3:13AM,1060,45709,3719431,Ostr,170,240,272,32,93.74,93.74,1,,1,,,4,,Partially protected
9/9/2014,WESTGATE,Sept-Dry,Dry,WG,,WG/008c,PETER,SIMON,10:50AM,47441,3720007,47625,3717862,11:09AM,,4,,,,,,,,,,,,,,,,,,,Partially protected
8/9/2014,WESTGATE,Sept-Dry,Dry,WG,,WG/009c,SIMON,PETER,10:18AM,49236,3718986,49775,3717459,10:52AM,,4,,,,,,,,,,,,,,,,,,,Partially protected
18/11/2014,WESTGATE,Nov-Wet,Wet,NG,,WG/002d,SIMON,PETER,9:40AM,52230,3719027,52077,3721175,10:12AM,,4,,,,,,,,,,,,,,,,,,,Partially protected
18/11/2014,WESTGATE,Nov-Wet,Wet,NG,,WG/003d,PETER,SIMON,10:38AM,50197,3718571,49867,3720703,11:06AM,,4,10:38AM,1115,50111,3719406,ost,80,192,262,70,61.91,61.91,13,2,6,5,,1,,Partially protected
18/11/2015,WESTGATE,Nov-Wet,Wet,NG,,WG/004d,SIMON,PETER,9:41AM,48303,3719422,48577,3721560,10:13AM,,2,,,,,,,,,,,,,,,,,,,Partially protected
20/11/2014,WESTGATE,Nov-Wet,Wet,NG,,WG/005d,PETER,SIMON,10:42AM,46560,3720478,46853,3721513,10:57AM,,4,10:23AM,1057,46683,3721463,0st,42,144,71,73,-28.42,28.42,2,1,1,,,4,H,Partially protected
20/11/2014,WESTGATE,Nov-Wet,Wet,NG,,WG/006d,PETER,SIMON,11:14AM,44674,3721235,44386,3723209,11:43AM,,4,11:03AM,1044,44529,3723154,ost,42,160,92,68,-37.71,37.71,1,1,,,,4,H,Partially protected
22/11/2014,WESTGATE,Nov-Wet,Wet,WG,,WG/007d,SIMON,PETER,10:33AM,45652,3721059,45391,3718917,10:59AM,,4,,,,,,,,,,,,,,,,,,,Partially protected
24/11/2014,WESTGATE,Nov-Wet,Wet,WG,,WG/008d,PETER,SIMON,12:20PM,47441,3720007,47625,3717862,12;51PM,,4,,,,,,,,,,,,,,,,,,,Partially protected
24/11/2014,WESTGATE,Nov-Wet,Wet,WG,,WG/009d,SIMON,PETER,11:03AM,49236,3718986,49775,3717459,11:37AM,,4,11:22AM,1122,45535,3718480,ost,59,352,262,90,52.75,52.75,1,1,,,,3,H,Partially protected
21/12/2015,WESTGATE,Dec-Wet,Wet,WG,,WG/002e,SIMON,PETER,9:40AM,52230,3719027,52077,3721175,10:12AM,,4,,,,,,,,,,,,,,,,,,,Partially protected
21/12/2015,WESTGATE,Dec-Wet,Wet,WG,,WG/003e,PETER,SIMON,10:38AM,50197,3718571,49867,3720703,11:06AM,,4,,,,,,,,,,,,,,,,,,,Partially protected
22/12/2015,WESTGATE,Dec-Wet,Wet,WG,,WG/004e,SIMON,PETER,9:41AM,48303,3719422,48577,3721560,10:13AM,,2,,,,,,,,,,,,,,,,,,,Partially protected
13/12/2014,WESTGATE,Dec-Wet,Wet,WG,,WG/005e,PETER,SIMON,10:42AM,46560,3720478,46853,3721513,10:57AM,,4,10:50AM,1074,3720920,466812,OS,110,2,71,69,-12.63,12.63,11,4,7,,,2,H,Partially protected
13/12/2015,WESTGATE,Dec-Wet,Wet,WG,,WG/006e,PETER,SIMON,11:14AM,44674,3721235,44386,3723209,11:43AM,,4,11:21AM,1054,3721858,44524,OS,200,62,92,30,-197.61,197.61,2,2,,,,3,H,Partially protected
14/12/2014,WESTGATE,Dec-Wet,Wet,WG,,WG/007e,SIMON,PETER,10:33AM,45652,3721059,45391,3718917,10:59AM,,4,,,,,,,,,,,,,,,,,,,Partially protected
14/12/2014,WESTGATE,Dec-Wet,Wet,WG,,WG/008e,PETER,SIMON,12:20PM,47441,3720007,47625,3717862,12;51PM,,4,,,,,,,,,,,,,,,,,,,Partially protected
14/12/2014,WESTGATE,Dec-Wet,Wet,WG,,WG/009e,SIMON,PETER,11:03AM,49236,3718986,49775,3717459,11:37AM,,4,,,,,,,,,,,,,,,,,,,Partially protected
11/3/2015,WESTGATE,Feb-Dry,Dry,NG,,WG/002f,SIMON,PETER,9:40AM,52230,3719027,52077,3721175,10:12AM,,4,,,,,,,,,,,,,,,,,,,Partially protected
11/3/2015,WESTGATE,Feb-Dry,Dry,NG,,WG/003f,PETER,SIMON,10:38AM,50197,3718571,49867,3720703,11:06AM,,4,10:53AM,1121,50120,3719131,OST,104,350,262,88,3.68,3.68,7,2,5,,,3,H,Partially protected
11/3/2015,WESTGATE,Feb-Dry,Dry,NG,,WG/004f,SIMON,PETER,9:41AM,48303,3719422,48577,3721560,10:13AM,,2,,,,,,,,,,,,,,,,,,,Partially protected
11/3/2015,WESTGATE,Feb-Dry,Dry,NG,,WG/005f,PETER,SIMON,10:42AM,46560,3720478,46853,3721513,10:57AM,,4,,,,,,,,,,,,,,,,,,,Partially protected
12/3/2015,WESTGATE,Feb-Dry,Dry,NG,,WG/006f,PETER,SIMON,11:14AM,44674,3721235,44386,3723209,11:43AM,,4,11:21AM,1024,44524,3721858,OST,151,111,92,19,22.63,22.63,4,3,1,,,3,H,Partially protected
12/3/2015,WESTGATE,Feb-Dry,Dry,WG,,WG/007f,SIMON,PETER,10:33AM,45652,3721059,45391,3718917,10:59AM,,4,,,,,,,,,,,,,,,,,,,Partially protected
12/3/2015,WESTGATE,Feb-Dry,Dry,WG,,WG/008f,PETER,SIMON,12:20PM,47441,3720007,47625,3717862,12;51PM,,4,,,,,,,,,,,,,,,,,,,Partially protected
13/3/2015,WESTGATE,Feb-Dry,Dry,WG,,WG/009f,SIMON,PETER,11:03AM,49236,3718986,49775,3717459,11:37AM,,4,,,,,,,,,,,,,,,,,,,Partially protected
21/4/2015,WESTGATE,April-Wet,Wet,WG,,WG/002g,SIMON,PETER,9:40AM,52230,3719027,52077,3721175,10:12AM,,4,10:03AM,1071,52034,3721047,OS,123,211,106,105,-119.38,119.38,37,5,27,5,,2,H,Partially protected
21/4/2015,WESTGATE,April-Wet,Wet,WG,,WG/003g,PETER,SIMON,10:38AM,50197,3718571,49867,3720703,11:06AM,,4,,,,,,,,,,,,,,,,,,,Partially protected
22/4/2015,WESTGATE,April-Wet,Wet,WG,,WG/004g,SIMON,PETER,9:41AM,48303,3719422,48577,3721560,10:13AM,,2,,,,,,,,,,,,,,,,,,,Partially protected
13/4/2015,WESTGATE,April-Wet,Wet,WG,,WG/005g,PETER,SIMON,10:42AM,46560,3720478,46853,3721513,10:57AM,,4,,,,,,,,,,,,,,,,,,,Partially protected
13/4/2015,WESTGATE,April-Wet,Wet,WG,,WG/006g,PETER,SIMON,11:14AM,44674,3721235,44386,3723209,11:43AM,,4,11:11AM,1058,44534,3721845,OS,134,62,92,30,-132.4,132.4,2,2,0,0,,3,H,Partially protected
14/4/2015,WESTGATE,April-Wet,Wet,WG,,WG/007g,SIMON,PETER,10:33AM,45652,3721059,45391,3718917,10:59AM,,4,,,,,,,,,,,,,,,,,,,Partially protected
14/4/2015,WESTGATE,April-Wet,Wet,WG,,WG/008g,PETER,SIMON,12:20PM,47441,3720007,47625,3717862,12;51PM,,4,,,,,,,,,,,,,,,,,,,Partially protected
14/4/2015,WESTGATE,April-Wet,Wet,WG,,WG/009g,SIMON,PETER,11:03AM,49236,3718986,49775,3717459,11:37AM,,4,,,,,,,,,,,,,,,,,,,Partially protected
7/5/2015,WESTGATE,May-Wet,Wet,WG,,WG/002h,SIMON,PETER,8:18M,52230,3719027,52077,3721175,8:56AM,,4,,,,,,,,,,,,,,,,,,,Partially protected
8/5/2015,WESTGATE,May-Wet,Wet,WG,,WG/003h,PETER,SIMON,8:55AM,50197,3718571,49867,3720703,9:28AM,,4,,,,,,,,,,,,,,,,,,,Partially protected
7/5/2015,WESTGATE,May-Wet,Wet,WG,,WG/004h,SIMON,PETER,9:18AM,48303,3719422,48577,3721560,9:44AM,,2,,,,,,,,,,,,,,,,,,,Partially protected
8/5/2015,WESTGATE,May-Wet,Wet,WG,,WG/005h,PETER,SIMON,9:49 AM,46560,3720478,46853,3721513,10:11 AM,,4,10:01AM,1112,46741,37218617,OST,30,98,71,27,28.69,28.69,32,3,25,4,4,,,Partially protected
12/5/2015,WESTGATE,May-Wet,Wet,WG,,WG/006h,PETER,SIMON,10:24AM,44674,3721235,44386,3723209,10:44AM,,4,,,,,,,,,,,,,,,,,,,Partially protected
12/5/2015,WESTGATE,May-Wet,Wet,WG,,WG/007h,SIMON,PETER,9:14 AM,45652,3721059,45391,3718917,10:02 AM,,4,,,,,,,,,,,,,,,,,,,Partially protected
12/5/2015,WESTGATE,May-Wet,Wet,WG,,WG/008h,PETER,SIMON,19:08 PM,47441,3720007,47625,3717862,12:43PM,,4,,,,,,,,,,,,,,,,,,,Partially protected
12/5/2015,WESTGATE,May-Wet,Wet,WG,,WG/009h,SIMON,PETER,8:48 AM,49236,3718986,49775,3717459,8:59 AM,,4,8:48AM,1137,49404,3718894,OST,70,122,262,140,68.62,68.62,2,1,1,,3,,,Partially protected
